,fr,en,hypo,No_att_hypo,prec_diff,prec,No_att_prec,rec_diff,rec,No_att_rec,pplx_diff,pplx,No_att_pplx
261,私 は 成績 を 上げ る よう 努力 し た 。,i made efforts to improve my grades .,i _UNK to to my my . . _EOS,i _UNK _UNK the _UNK _UNK . . _EOS,0.2222222222222222,0.4444444444444444,0.2222222222222222,0.25,0.5,0.25,-0.458650343928964,15.881795933381026,16.34044627730999
305,漁師 は 釣り糸 を 水中 に 投げ た 。,the fisherman cast his line into the water .,_UNK _UNK _UNK _UNK the the . . _EOS,_UNK _UNK _UNK _UNK _UNK _UNK . . _EOS,0.2222222222222222,0.3333333333333333,0.1111111111111111,0.2222222222222222,0.3333333333333333,0.1111111111111111,4.844692483827313,26.93779367377686,22.093101189949547
347,自動 車 産業 は 日本 の 大きな 産業 の ひと つ で あ る 。,the automobile industry is one of the main industries in japan .,the is is in in in the of . . _EOS,a is a a a a of . . _EOS,0.24545454545454543,0.5454545454545454,0.3,0.25,0.5,0.25,-4.191874507862686,38.37070392146339,42.562578429326074
392,彼 の 双子 の 妹 たち を 区別 する こと が でき な い 。,i can &apos;t tell his twin sisters apart .,i can &apos;t to to his . . . _EOS,his can &apos;t his his his his his his his his his his his _EOS,0.3,0.5,0.2,0.22222222222222227,0.5555555555555556,0.3333333333333333,-4.107528410500814,9.270226075710355,13.377754486211169
